Id,bonds_aaa
11266,7.2832802333724835
10140,54.297549459408465
90,0.9805410172606912
6882,5.171424928289468
6413,-2.5119978124436564
11703,-0.010515305041476353
298,34.183682785304484
9398,0.031766527026960034
3704,38.73759188655731
2513,-2.462988232007735
4461,2.8055390923498287
9365,16.249500753938044
8786,0.1304028723931907
9207,43.71893240869011
1637,35.43427948647051
6558,-0.04113018814924985
6355,-2.0598326894128576
7091,-1.6624159348618548
11103,39.009836197579
7128,30.815648285123082
1008,-0.5083188799552047
715,-1.3417788635790622
5546,20.591275470008107
7941,-1.0072029280083648
4655,43.39221161273615
6152,12.20010004121092
8411,1.5206136574453595
2695,1.3211239310484117
3468,0.39726472268844404
6426,44.69217621924401
56,21.293245265380225
5903,42.861297600740784
5141,-0.6306086134993194
2344,1.4427735237118355
3276,-3.830952846850362
2158,1.2701241289953344
2899,1.6002717447452675
6401,16.564876260455865
3029,5.041184789398496
811,31.623428704527733
1066,31.47357848004478
8438,1.283609991533364
470,12.03145385759145
8408,0.5671465574682593
3641,1.502062596913749
5402,-1.337118484866675
2295,7.903812165972456
8910,44.451391594131906
848,0.9680502687537356
329,11.969773733698853
11564,89.95223154349219
6109,1.6904943867505047
3348,-1.2054426110790608
9286,31.39017376908566
7771,1.3552147767692055
1560,0.051838571075624174
2379,14.023496291739264
1466,-3.1759624788879215
7222,1.4146140989649894
6305,70.11057109126423
11788,0.18229263280064245
6157,53.57128348209014
8137,8.211316092381328
10732,-2.6139186181043357
4976,-1.302872967834407
9805,21.941929936363387
7256,1.436780543683664
7062,1.1760891719852573
10337,1.4483405657558492
10082,11.700167922680047
3169,2.9251508309958005
1162,39.350381910852576
10742,-1.4092074241455599
2398,0.6056885610314069
5661,2.7135090445312535
4498,29.636981361944354
9151,26.727930021916418
9367,0.006862085089654357
5103,12.582997902565568
10972,18.148297248263148
10958,1.2304031905151298
6496,1.6154677204981276
4101,0.3643397748840158
4192,0.9622926628637565
6995,14.967642271908726
3791,66.28092339715633
11601,2.250259084647819
9823,30.347335932629697
5892,32.26652976396151
4584,-0.32058386712329323
2965,0.2651796099240258
4052,2.066780811564005
477,53.27661252961863
10402,18.69360851195085
254,5.393163693896522
9982,11.238857328629798
7459,0.849249939394273
11486,4.211757499605092
4315,-1.233398570254888
10272,-2.455830365139761
9083,2.5903025326259908
7242,-0.8290812729320152
549,51.541024681502236
4338,-2.7836682994093565
5117,13.900288080129652
10721,-0.8950822750015135
8969,2.534596445387571
658,11.43211930256735
6977,2.1784651331353615
5090,-0.14188639058196273
10143,2.464703497521313
7968,17.21140273576709
11799,29.75272077795418
3784,-1.1044189559225899
10983,-1.3386720573247963
6212,17.347046053649237
8341,-1.487411240279691
1976,33.01203230312052
3065,29.615147228823762
4029,-3.586268277611854
9139,83.84200607921962
10953,8.174838141907715
5024,1.3302993092849817
11771,-0.3207881100988281
4240,-2.9484149450573938
510,0.8153180295665798
7014,-5.390484507942599
8477,2.36914237289567
9288,44.66372753898995
5263,0.3673705986967022
9590,5.140111314214035
11383,28.769920290346274
9150,-0.0603740612688668
3749,-2.020449815582417
5126,-1.4412514682703055
2142,-3.2065812006391106
10039,0.1631782755356106
10492,-0.4421756332563582
7315,-2.234712605502981
8472,2.2148451778669944
5790,-1.5639724740623464
1568,-5.479436806961505
8960,-0.22641177380650745
11805,0.48709025914687487
2601,6.654976027931003
2108,-1.543516329497269
1639,-1.834028840209374
6624,83.56756585012077
5078,3.0724253970264392
9988,2.22136156254523
10320,2.164776125651766
1092,13.8553150700112
6508,2.225329980587187
5428,9.820952736123605
8828,82.80292134914805
5256,11.293354583030206
5135,-1.6909789833821094
2029,43.72048593126293
472,-4.1004071984328085
5310,-7.6181654891143396
8092,71.24014305306649
6084,62.77859917528377
6300,2.218193417617588
1086,32.25876489237282
3988,3.9232715062166292
379,2.2996652454394813
666,0.46777991242736405
5629,19.34329528292458
6846,12.89358761893777
1558,40.258850400414595
6753,32.390781972764
3408,-0.7465571791407761
4932,39.784804727133654
8326,-2.946162504339526
7327,15.579886250417912
1074,21.463891597324128
11711,35.21433230906129
8283,14.030704990442196
5243,0.6169618569051103
9555,19.04066455980196
2572,2.0753151071580866
11285,20.225389975565975
11215,16.97753638031524
8143,2.2108071763743347
11121,35.8950212683487
10668,-3.336817163110382
4455,32.818263740375954
5044,33.63101995217082
1528,-2.061865707656608
4259,35.454061636408746
9437,-1.1763381577575025
6568,-0.110467836414184
2272,43.53772587395159
7580,8.64558512686609
4500,21.291413886135846
4156,2.490977029488441
344,17.885417574274424
2526,-0.6238179281435379
429,-0.1491081864341801
1740,28.835982501235108
9940,4.4569736013350365
2278,16.28450193427495
6378,-2.5790129656012866
124,-0.29613593176376085
9755,-3.3772041119433958
9675,-0.12069511007251776
42,0.5041414685876937
2429,67.88670909837262
8928,1.4333803821819302
11145,0.7745926881075036
7395,-2.49747437809771
6687,16.830886708000342
5979,7.117762190153304
9554,44.05168000504989
38,8.023027294311214
6617,0.9497169641432173
15,28.591478970143
7453,-0.29068512394400514
8108,2.807944346458971
3018,0.3555375006584818
8731,71.31165081902162
6957,26.992285357917737
5361,1.9201676442879325
8890,33.17059518654159
5833,2.182306410615606
989,1.1327659783516069
137,0.42592033742934987
3619,0.4549831325851592
10420,28.110974644216846
818,20.624501022687287
5045,1.039505447495884
10886,0.8361843570078875
5555,-1.2362546225215105
4855,2.296870444090711
45,-1.6618665235613044
9203,-7.003647402744942
3039,1.0591639545587022
9802,0.2069207285939889
10405,19.1763272145989
2497,14.970638709942333
34,30.399718087460037
9482,29.72339317094035
8452,2.3846489121602623
7659,-1.5427333070507494
11635,1.0438698400316717
630,-4.735637043539974
8416,-3.6559250301136856
2148,-4.461106088302536
10914,44.885754767921384
1660,0.38475275054713975
8288,22.44611625410753
4547,-0.5119235300649407
2341,0.07065212683036393
9176,26.777504074320344
8498,22.466151799761942
2180,33.54908137709964
2949,-3.632042059050935
3279,0.7879924548853268
5204,35.72807978595063
164,25.684194625411852
5973,20.112140772646583
6954,1.7731880407218767
8243,11.062970483042724
5918,-0.9796817527543844
779,-2.325167708874279
10961,33.90490904773452
1259,44.83855832545869
3659,-0.4774336688108569
3737,-0.31154235714123857
3780,-5.826994188375753
2565,1.9322727376522053
10019,3.408104470911571
8512,1.0106790739196185
7962,35.62831455134646
5447,-1.8851187985004607
2720,6.9944214413704024
3973,6.621770638522559
2756,30.72429362632382
7590,-0.8609590228416018
8770,-2.149798538667433
6545,1.873528344514078
1417,0.9065962296295389
8502,26.156984248446484
7563,37.73100841717432
8044,0.5864922628069529
2069,-1.6991279841127955
1035,42.85424910667196
7964,0.37971483283435603
11895,-0.8862819593746245
9124,33.561627581508965
6227,-0.06558563049665977
703,18.51902408837773
3218,-0.5712578824905314
6756,-1.682050865726044
2028,1.86030101643005
5277,-7.253921093207172
9347,14.984075289656124
6657,-2.1347780495200865
7939,15.271232538356095
3612,0.7312213860287322
8846,-2.4102185257925868
1727,-8.399841366783079
9486,1.8205770494326892
7783,14.139884248484629
11010,1.3493132589112449
9854,-1.6582124227121895
9472,1.576309379791386
2173,-1.3770172954324842
11232,0.9512628598921786
1924,28.592750497061147
691,35.10100584795253
7823,35.34774337358843
1811,-2.719593182378823
9013,33.4473511937034
402,-1.4966187431142508
1940,0.9480313731646035
5874,-0.5721844565237859
7411,1.834909795259417
3910,7.3181441805645875
4340,-4.498104565320848
6139,1.645895103800239
7481,3.6001659265793187
2318,2.038581355606002
5442,-0.227149839968682
3835,-2.8893220378704036
190,12.261640786597708
3152,7.294360397841881
9428,32.7193907820411
11815,31.93114206679683
11152,9.917770730306467
8150,-2.9260823258047033
1277,6.747823604595784
933,43.23549119303051
1576,-1.5114777126638792
7346,0.9451025527990389
1311,34.14903453203092
7234,15.00617952284328
655,-1.1191279349934575
5385,-0.5966978232379141
5501,11.173284067131174
3949,40.50137056791647
7990,0.47257403768062645
9218,0.7246007326889234
6033,82.40485708537649
3318,1.1571739024926728
9014,0.6001964524639263
975,17.74479272344436
1326,-0.9253426067942385
3581,-1.4132755332748381
5921,36.85269001114978
535,42.92393302615147
9121,-0.7470348732731118
2545,-5.689216663964192
3944,-5.326606232220154
5810,-2.145586286635975
8041,1.0661965587887146
5577,11.160952199901446
3669,-2.8451418049118438
2770,-0.3185510439590793
3952,1.2691133295135337
5734,10.64589225991129
11088,41.778460899386765
10622,40.40203570472839
1826,-2.751761273181657
4484,47.48200918772204
11392,8.914245348022828
6012,54.2645263142912
3811,38.07855376763491
4688,31.190345886490828
6534,-0.04207512083039333
5915,24.3298049864446
1537,-0.013948149199766391
4113,0.2827318286252982
1709,0.5076938302392087
5733,28.26395816703231
4303,39.913429775478114
2553,3.960855139157484
129,35.34527570244243
3841,27.84118428166564
7867,7.864918234186343
5396,-0.45910132156953054
7487,45.40524125636724
4603,3.5154131014999486
1166,37.85763750913973
6299,0.36127094536862003
2339,0.4124416779944369
11897,87.84315135239858
2422,-1.0237217794769897
1146,-1.2634177425046964
11407,12.450013830123016
4921,0.999232245910811
798,2.522574029986341
135,33.18070779198669
9557,0.3938579119958483
2824,1.299210531545551
10682,-15.560933352099497
7965,-1.8511892006240487
2640,0.13231238830848469
4711,13.254029858100417
8373,-2.2160341450288783
8314,28.19236787567339
9208,34.34066434241316
7063,13.724783294436778
9379,34.202943810224454
4900,29.09485315488549
10146,1.0403006752043922
5865,-3.2831179150206324
7892,36.336965417513525
9800,16.767679288290765
4125,-0.5616543839802013
4002,-3.2845353625676417
5388,29.91349152438834
1242,32.32831957509066
2746,-1.5456479206292215
8788,-2.19666326719749
929,0.6739986082436893
5724,-0.7885169107850487
9634,-1.3322909551774558
105,26.137522506597975
5868,2.6236295336823865
1047,-3.588042445206412
5916,36.2057256142697
9560,0.405243003995178
7366,33.5074263279538
6822,15.231688436990792
9568,1.174053214049767
7384,-0.024808373913622006
9990,2.70964406652746
493,0.28627013765038
3785,0.4052205412007517
2099,11.649207851117795
2827,-0.6167246728890916
9454,48.44276187414247
2093,41.27353552530058
6049,41.28913308810213
5235,14.765875869425761
10429,55.996149053056975
9607,-1.705999433258576
11283,0.247990904592438
11264,2.938162025999336
614,-1.6497526469343704
10812,35.19452749947561
7218,25.666928087221066
9335,32.0311069197858
4555,0.3882901979630624
7550,0.31567490175583046
1877,13.453817729043939
1934,5.436712899176065
1594,22.22572177780595
1442,40.86363893966837
8404,83.82490068541414
2363,0.35811556164597746
6903,-0.6498568362488477
3878,3.0041493903834393
4356,30.91730483373122
5951,5.441201416767374
1007,43.0886665899081
10544,14.18510520243714
9726,33.699010265548246
10745,32.998168296073686
1088,68.10497880439766
1713,17.42395979047337
11126,2.18205916791414
6921,32.08939681466612
11067,0.34568277183712937
884,1.0943808276537403
6125,-0.9369640664276631
7753,21.13948760302117
6172,17.503272634871347
1458,23.201113565929113
8294,30.40577241175093
6402,1.2201051638208718
6090,43.83556375397458
9525,1.5502825391372568
8669,7.77496810311202
5773,32.83129230377715
10449,0.14245489958146962
11777,18.460126737464087
6630,14.322242377098311
3293,41.229093074112356
1321,-0.3596594541152136
6099,-0.14518697757548793
8050,-0.11270935251952707
5766,48.884523676640484
6920,18.39931235151958
9646,37.87441422928612
2392,2.6403101841884293
3668,22.434721656845927
1710,33.964813653569955
11084,-3.495570402621734
7445,0.5671145989393231
81,-3.8827167752903335
11666,37.4343740227777
5481,17.837377685796902
4808,68.25509507017594
10978,2.2048563485558788
5475,1.1844598159037112
8680,0.38030734604115324
7723,17.46562233486181
8303,0.30181983925848144
2616,-1.4976715337396946
6336,4.181260909996009
10718,14.265071177543488
11512,2.461098897226041
260,30.995589280960193
6676,-1.6683860598734022
3710,27.590673561431483
11046,6.090949704936477
11585,32.19466546636204
11824,1.868940740970725
1999,1.2410439673569051
9694,34.02857825505475
2676,0.11216837188978701
11300,4.094541887091847
3821,-3.4732073252429245
11343,26.572498336740246
1739,31.755263817357577
6284,2.179204706791044
7795,34.43530904403449
1147,-1.7094282245047516
810,0.00628779592883788
1474,-2.24554465185102
8594,0.5577288636399409
4482,-5.365002848600454
5299,-0.3505940502445064
1562,32.8918814028965
6137,-1.3238411046460037
1039,-3.7489921802454305
9421,4.4679408547192345
5614,1.3032827957555497
7856,10.153370867445778
10909,26.876109141765387
9369,38.63243699149854
1196,-0.1541908671614074
8040,44.67452618210571
4084,-1.7070837954221751
9605,-1.1976820262824468
682,2.0853469972189096
930,-0.3843583065609515
2057,0.6955250322141175
6996,-2.4215169779288495
5497,62.023153481330205
5539,6.288370572023002
11192,-1.3633098913491395
5165,-2.5073775980605504
10878,10.041676626299886
6433,6.404800040079813
8272,34.7764679042338
4307,21.928399033508345
10046,36.62811223102197
3052,34.678279579972646
3963,37.32241988124209
5642,18.755417536979895
6372,12.36239655924203
3118,36.69958991896848
569,16.004155903886105
7528,2.8397416634923793
5591,67.46841915440876
761,-2.191693521926407
11849,23.6595919261841
2669,12.945422919077673
2311,-1.0951073994247587
256,-0.21780837787559548
1405,3.423489803286401
8111,0.3586924441406403
88,0.284040875686582
10386,1.368141344694628
334,0.014371270339797348
10856,0.9051893567992515
4654,-0.258169713161184
5603,32.40186843932227
10697,19.560091726375347
7105,0.9080158898587882
4207,1.898498289683726
5124,1.0318502509359355
683,15.913303701131124
8866,12.814468861793591
9765,-2.036886050778662
11138,2.4057260477307523
1219,16.527926055403377
8661,31.50297420053427
9932,-0.7664470896681088
5879,-1.9153364458709277
3739,0.18289823575327446
3004,0.5293595119858416
10657,-0.6124491005778374
2727,-0.46015800972290677
1139,25.819258872696793
3007,-1.5536197213690777
10002,-0.25959475866781645
8956,41.69123266645657
7442,-0.7352773931796506
4736,-2.588176693282257
9749,-3.0719261515529155
8611,-2.8059881430756413
9108,2.2654458731784395
4938,34.511076221494015
10677,-0.5055683999186478
4821,6.754096908662241
10355,1.9983215999438606
8865,33.74960951268174
1617,15.915482660752193
9815,-0.7435441229759334
4614,15.377454430357986
9599,27.037231478743106
8690,0.32095615328541527
495,7.067037467474208
5955,-3.1952975035584252
4785,47.35014573226457
4857,88.05210902000738
9112,-0.15638521282473405
8805,-0.09720963199084665
1874,-1.750917026150951
8030,0.5610626856826428
10695,5.7602346834916816
11495,83.86655713771924
11687,-5.576574667671778
4288,38.03368838663535
5742,29.8211489922962
1556,1.7562830880386606
9303,33.114078935991685
11826,30.396020994909787
9716,25.864304120188848
2744,0.1192255349733422
9562,44.49943704509985
7545,0.9313213497212836
4546,29.7659553384104
332,0.48213602467360417
11475,43.59197425365056
11531,6.677567706309194
10655,2.4142051670288573
7532,-0.5313842356257261
1316,0.9347304057938466
7945,30.028353066068078
5330,17.847600194662533
574,33.00749330119658
6669,32.78407914477087
2220,9.073613988654955
8399,-6.693144903347676
2017,6.964012422945611
782,11.793955458750874
2915,26.39152715545227
7556,5.019228387411559
7691,0.7374412090556852
6648,1.4740507983143551
10307,10.317956484749049
756,13.697210673096949
606,-2.4971191617534956
3477,13.019564780271056
9706,2.182016123289767
5267,32.082526238594006
10375,2.062704915126101
1822,26.959101497603278
3603,26.5904750034491
10790,-2.027207011874136
2865,75.46293824453917
203,33.397460609575646
5880,5.533406187097228
7036,-2.966060658917602
1386,16.56008231110975
1689,-1.5187775451204324
6507,0.22885826355252803
11816,1.8823010345517162
3771,14.081060566430752
2672,9.05206646693903
6970,-2.0614584929991686
4150,63.821714204360966
7658,-2.6814313501086637
6306,1.1490141645402652
4187,32.628365511934504
4721,28.40392938197344
10160,2.254617048830479
6107,3.4661700143264795
1307,-0.3858151975840123
8295,2.1804341937229914
8413,0.6873805699287452
981,0.6257648404616099
10221,1.5936685250928093
10254,40.67904028186511
11379,48.19140488317295
1124,15.377568255981888
9058,0.7545231208045422
1821,-0.7144925897634273
10541,39.91288470013809
6828,0.6277927866700885
8363,49.21581413887398
10334,0.26272437681019056
4313,-0.9511121665785396
11450,-0.995458820734747
1565,34.43962342123089
490,-0.9931160763926137
7598,9.578560438474229
999,0.4315681977310817
302,18.440446705010103
10538,0.28131858381082253
5292,38.7216087918614
10114,-1.600423148310039
1619,-1.6046009662462488
5312,0.18649296128992532
3974,43.392428150807106
156,16.563793904300056
903,0.07366520915315178
10242,2.344968575004497
11743,-2.267271809352966
1349,3.906407959191089
11322,29.87172959514601
100,2.990226916820397
11439,23.451596194792714
5095,2.540570228565791
496,1.7041123403384333
7603,3.897689030440233
7830,3.408364245552587
4076,-3.348086019918888
6875,-7.440368511367755
3043,1.6762557876653865
3665,-2.5479767249524237
8877,30.343500236984013
8021,33.76725320216276
4959,-0.7082435825945019
1248,44.24065961249879
2711,30.907414761701865
6916,16.573179679658832
2120,2.2879959043523392
10329,1.8255874334917799
3929,-0.8251797474406537
7084,18.841519432664658
1685,-0.5086449541993794
631,0.13016320963606276
4283,4.4821512681356666
1130,1.3362699852436144
2324,20.263070774461625
1860,2.7581131706107804
7051,12.700823435193104
4415,7.87255057626027
2346,-0.9275935808730296
2745,66.83228939467631
8430,32.309665868267324
10230,2.3127560265606526
841,-0.8816078947000783
821,40.25540298834949
6329,24.9504712735841
11352,1.4246517470097082
8764,36.31540770784009
10880,-2.5643429103959683
4467,-1.7397046217875065
654,6.296569480835341
5190,17.742350293257797
3608,10.949336267400389
6081,-5.9770897590552075
4604,40.89188848250198
7247,1.78614444257666
3330,0.8252723746614308
3643,29.151130415757947
3728,-4.203358363235946
3006,-1.0380243091323926
1622,32.09293861264385
465,1.7024843112580506
5538,0.9881336481993799
5234,-0.1429020167117443
1079,-7.490617618187677
4424,0.9696259391049153
931,45.4452890093234
9792,-1.7276635814624761
4205,-2.843650397991812
739,-0.4366155938279377
1067,-1.0737604980234146
10867,2.6544837454131347
5894,2.3800786788056065
6327,35.80810469850753
1831,14.710475460399783
11403,-0.907287815826578
5807,42.65531319591603
3734,0.4559504442647224
847,68.15182565498253
289,-0.8164433309563144
10092,12.557741533491328
5959,11.270185756985837
6838,6.310865216540446
1315,-1.302251018919165
7718,6.192208021837576
4850,-0.3020279383645672
2070,-0.3108157013480728
3507,51.77254092737361
2332,32.37280415698178
2018,0.7656402262235105
8642,4.135817146685774
4397,11.329125452415985
10705,1.4999461226294706
5639,20.416265648310844
2469,31.949439414473417
10411,15.354563756047428
513,2.0007191397100996
11712,0.9174581053058937
393,-6.906385711275856
1659,16.71151973321404
668,-2.2834405833381552
554,-0.4453334590765543
8462,2.2565840921176523
9099,-1.993898961802671
11099,18.95082755457205
9999,-0.23303204604000527
3090,5.416301386970016
7447,7.320800237121265
5110,35.706120111888744
3204,29.599969432045537
7485,9.278645278851192
10072,3.6792217229258775
392,43.59173974471486
11426,21.151244234378655
1696,0.20552777812793366
2368,0.7919640258757035
1141,16.676473584205944
1645,4.657846646836656
4835,2.8400065118324527
3111,-1.6127941484905683
2270,1.2486116015957052
4743,-1.4646627997574946
10970,14.283162872423187
9194,31.64513569559083
9068,-1.154623250307047
8579,-0.4505961887029919
8344,1.5782841057476915
6750,2.3074270087628683
2433,27.3372797968651
2183,26.91726323377374
10255,-0.37245872113757983
2694,30.31349664493622
8094,3.166347472693481
8954,20.182269465986987
7038,2.5722827534858546
4651,-0.8549909265582585
5747,0.04605395768628284
11011,2.2265736906873137
693,14.32829886035284
170,-0.9350120739332581
7479,-2.7323227222272557
10256,1.2050912130683038
7298,84.29976892676194
1926,45.16065107909975
11128,0.712813188895808
8832,29.78197999842572
1555,17.37347558414646
9628,2.201690220409727
4719,29.82638196860579
9595,0.9506603451172957
899,41.035010138403706
10239,41.040179356983046
9146,35.963505555843724
724,6.443926595334521
3083,1.7119464612670008
4922,33.6223553818543
665,28.1516759757977
4977,44.124921462188645
6337,57.18737769233426
2978,1.3333565802498555
8266,0.003444304389358166
4876,29.007420386816566
542,-0.4758070027574206
9966,-0.709153340608875
293,49.092765878684766
10973,-1.1551387653943443
8057,2.8585923239876543
2828,-0.33168779742512555
5759,12.572274990692742
7744,-5.740272835509661
3445,8.453120155418334
11435,-0.3444826425893446
1488,16.45850517298272
1986,16.03342278760169
909,-2.7230753449757223
8110,10.309467043664476
9584,1.517933814118411
9228,-0.11958536140897635
6382,-5.103581417748746
2634,11.079131729494375
1992,-1.441561040864773
6046,4.253593273755833
4704,11.699605253352312
6742,26.712882395658855
5632,0.9538279575438793
9937,1.9968274748320383
10566,9.977956987318104
1626,-1.438653859561036
8603,2.7567541372506206
7202,0.07686523201606121
9041,32.14323388382193
5887,0.8692415186279625
1606,18.590703956757885
4737,14.641350556721559
6686,17.17949976058788
6840,31.337987510791514
3219,-2.827374573628795
7846,0.08880739347577205
1884,-0.3130407280998817
10571,0.0751141998931466
6637,1.0886913302262649
6685,-1.5085218944181733
7646,29.930188702066026
7710,-2.8829754797304794
10836,0.8773479821820054
4198,21.351430157385714
8052,32.44909587480038
288,34.28317337466173
3932,-1.0798365450964695
5542,0.9129130520850097
3460,-2.4496118586341815
11881,7.023478989339292
10259,0.9201003581008393
8862,-2.3591267294155713
3576,2.1615074996184376
9184,26.71406771855938
11194,12.22352640065293
11737,2.789308448872003
5443,0.5697796695424948
7457,-0.5538805004768363
7537,31.345947057657792
3670,38.34730094956064
4344,-3.102560001504198
10757,31.065220560042206
9750,10.19462922818898
585,-1.8461407442471973
8878,-0.010835361425524326
11376,8.999346499455047
2326,0.2605757623945948
9521,-1.7799124404998317
8732,12.762573425499001
8466,-0.5758096213666057
4429,31.911163253553667
6906,32.21154153505948
3415,5.718048333224324
3675,19.842028813117587
58,0.5615419755637028
8388,87.29070822644131
3476,-0.6085202433965442
1013,67.5830082099666
6824,1.825352755772137
2810,12.41659441164403
5753,-3.3513632097828463
1296,0.3339281200058011
7752,13.60552228358541
1995,2.9587082317660425
4629,2.1082868930465537
3044,0.0066318191504173285
253,-1.5058987270103223
1122,23.462334621955403
11216,8.729217727740675
5745,28.64769542035372
6589,34.01774725351858
6842,1.6721772941725952
8422,33.374527962222245
7057,-1.462284557435222
3437,32.517376049347874
3163,23.611864939344166
1661,11.009216008975322
3731,33.42135176695715
11533,-0.4641430395268351
4472,0.2701148914960392
8297,-1.058313470572866
3623,2.337745687204624
8701,43.688014234383886
573,13.472499460227917
9290,0.9694189349935662
4567,83.33585368491148
1912,36.744966944385524
10988,44.67444781477404
11713,1.0500628061517538
9868,2.5616542677765892
7417,31.161776471761122
9179,27.820043874737188
1449,0.377721115338602
2293,41.37227349953298
1478,4.902106610836302
11663,2.2988902193757497
745,41.6414765164567
7693,21.158590255802665
2506,33.78624452007385
2622,31.865813114452532
1341,-2.550753289598216
4878,17.626264584946696
5666,13.432901361573414
11634,31.055757355993855
482,0.7249989730882298
10055,1.0377928356560133
5265,82.58155389353614
9239,-5.487420600506159
9644,0.18345849417974947
5783,1.9970248161866273
9965,5.041225556155883
6142,-1.7934365685780058
8211,3.968489020461636
2189,0.24701867797139698
2074,-1.0605629657813154
4164,0.7097379410580196
11614,2.690587896381526
4134,0.09471888058599376
9685,3.4239247348824726
4241,0.9473846826566046
10418,1.3696390333003414
2881,-0.3699976694932907
4140,-2.0817509457334182
7149,12.723979913159091
5620,21.082137406840644
175,32.82127495527554
3251,31.47027145242778
2763,83.22714077622396
3803,88.58088846720827
2521,-0.941248558599483
4079,-0.18648871227507513
5653,9.7854386215729
4606,9.661378490101592
10598,-0.4989666680191114
1097,13.635117846382654
5198,1.411821620070011
1070,41.066322244618945
16,42.87797357401086
9186,-2.3198065533025947
9740,47.35002001281172
4383,32.75666189371652
1551,0.7710797436745231
2185,15.446656889679236
5872,46.2177193302408
610,1.1626175979212299
5039,-3.0535012540106763
1796,24.29671256458258
5593,5.1108667314098035
6495,41.04200444515898
7722,7.4782406597771605
5454,43.47365233118938
10388,5.841860315566695
3338,-0.46409199382501853
9253,6.601745253307573
9820,37.384138201492995
8348,2.623307440740877
1053,-0.8602604554237843
8720,2.45595715441814
4991,9.109922180540098
7584,5.096964666818582
5854,35.04780155466943
10943,82.69494500031298
8622,2.8740745854220116
4439,0.2196663777860941
712,-0.28466256357197395
7054,33.909411126378636
3054,0.05469632053693019
7977,28.500949117915866
10515,-0.12953035231057797
6400,26.860382606429667
6681,-1.393604770105899
10685,-3.2235972560806836
8414,1.2867647545005916
9343,-0.872897365059508
458,2.3617388053271746
2325,36.82307647070122
6240,0.9011565917712723
5686,1.915251155589413
7015,-1.0092512626585304
10105,-2.61258533599651
2019,-4.682455623182349
6427,-0.26866539621805785
10410,0.9340419461266869
7047,12.833234070792154
2494,-0.9268601538841033
4799,1.3580529891346877
279,-4.876303240963637
7654,15.456908943704763
8791,1.6299382564328475
9723,-6.292003234922674
11401,17.346190793001668
11077,5.221979270993717
6564,-1.2351692129136786
5259,6.162801065537565
9781,-3.600840854400847
2010,12.949320069749795
5523,33.46609546325689
9138,9.267085682362783
2960,44.03780401876873
10293,2.376024458065981
3457,77.64242273675285
1929,-0.6405430108835155
9975,33.6840582348827
3255,-1.4536860875556243
7330,10.44775267434002
10994,9.320305296435473
3615,44.509895976420054
10001,-0.5878643863385911
11213,-0.6303350428048908
3801,13.580558095175729
8648,-0.5745219957899934
1664,10.314860161886163
597,44.47359672982916
2211,-0.6354905078764652
6940,-2.736733129406627
11172,-1.0772504925533326
4025,-8.173745688000317
1453,9.697007926696585
3819,-1.1355946034921018
11491,31.650324107063113
7232,-1.05196195883482
5104,69.40670719610182
7709,1.5824713253685125
3879,67.85684263819634
11277,-2.5099091210451583
4514,3.462633761347231
3134,25.458309449429603
2887,0.6062520332253314
3511,4.234070448479809
7555,0.16059463090633486
6074,1.1711685507609282
9704,5.478569981655202
11753,0.19140418299506834
6567,44.158671462783644
11334,7.223390882225395
8250,0.10684952153473048
5699,20.811402771439806
4929,-1.1847451608631197
10669,16.939701488333252
9728,0.7061781095829396
9301,10.565635990197148
6003,32.7795629335038
5960,31.164753006232075
10080,15.781278559995215
10624,1.1586901511789982
6246,0.9354507093599409
7613,-0.17105685721866948
1266,-1.5678420613325592
9608,0.05493081331158933
8080,18.30432782242883
8279,2.879098506547198
10549,33.6751447671172
10904,-1.8700214682888578
1618,-2.07492434674106
2812,1.8403809313325574
3298,6.041565932394715
7053,3.6931613485713193
9934,14.249979213425695
7449,-2.677147163103111
10844,78.69061676286186
1731,33.381484217332385
3342,82.42679957404386
7082,33.446765330930916
3032,6.011382986733526
10389,7.123228560070931
8713,3.5117324431981096
5971,8.045878076902898
5905,-1.685313016731179
7854,8.373896797993517
419,2.3647571695039318
9702,1.9515377331777621
10813,-16.730022307716382
5754,35.448708187978006
5223,33.23779214761049
7777,-0.6293768777747957
5558,-0.1748922550496168
7919,-1.4389389490563183
5270,6.363769876279839
6739,-2.457584687932627
9690,17.56890182495804
2239,-0.5506402979540006
9127,-0.6748870108548353
9465,1.7589753744588315
5416,-0.029286110981793456
8442,5.464118369042058
9044,32.50581145203666
7420,-0.7167884156581188
3886,-0.8140092854483072
6595,32.79717122280219
6188,53.65928083031537
7772,-1.673685257057624
4617,-1.82239537237243
4064,29.65616294235711
4299,22.779250389786572
7677,16.212269324868576
5359,-2.5255542396877217
9971,11.241236356469825
9053,-2.0536957191304914
7016,2.0950325070987397
6389,6.296157616998517
6737,-0.25548900412946196
1062,1.5540163456746505
8657,-2.624399971753025
10136,22.623345402037543
8345,1.6615802541085145
10536,0.052480959267040106
7454,23.655633636344522
2573,22.789746751007616
2653,-1.7050386958645056
109,39.28522074319517
7394,1.2728750110916103
211,44.24471346985075
6296,3.001128950957547
11468,11.458489786178868
2475,43.41031758475893
9087,0.11907851283005044
5030,-1.9220236940872262
7470,3.3851060433702465
6115,-0.5644744222950564
5926,44.271983549233134
5582,8.153638361993277
2033,14.196174835944774
10340,12.482147022247394
10049,34.75002364753901
10360,-0.6594191294474676
4897,-5.164841450771899
3667,21.37087370766201
10990,2.4687192963068902
5793,43.119205289494545
4092,4.828944922184963
1244,0.23671705066417914
10102,34.68687617736982
8104,16.169796042279998
8429,2.0309673174632543
957,1.4909229005566473
9612,3.1391719209250546
6340,1.49544761538505
9539,43.29979980324417
6556,5.921087304065672
7142,0.8895988368530503
1076,38.214151291556334
2464,-1.363330567391543
4653,0.13310760641198272
1579,33.427347076075826
6318,1.2046229360204492
7103,31.167748409492432
6528,1.6963067913159584
8751,2.0910060599178664
3056,-3.396325588120934
8570,47.44416756375129
6870,-3.409127408865018
7576,8.565962123181308
148,21.320069101627556
432,-1.2877746701045751
1060,1.7641773755652217
2713,0.6444526130393236
9597,4.2478462507706105
5036,-1.2057154378145363
11852,0.21107906120701614
2939,29.860653266037392
3959,6.707160292755056
7918,44.34678374095307
4718,5.752719214110375
2444,0.36508185107570057
5761,2.1846650687941924
9453,0.8333418676528659
1397,0.5675299646449758
3414,49.43023687524135
5112,18.49231780083865
8085,27.431352665837483
160,1.0929000880044804
8699,10.749724393624058
11750,1.9721462325645156
5179,35.707090003063676
10764,9.341775665607974
11510,4.397428471818571
6734,7.159090280114089
1712,33.061641670331966
7782,33.73720840981139
11701,-0.48770293870222403
10346,27.974087318732707
5942,-1.7334745245377015
1762,37.18239344878683
10621,41.92898845136604
9024,22.4324298815388
2377,33.70345207506828
1236,33.78480002423082
3328,-0.5394045273274664
4097,-0.07743285220614737
7660,-0.9454273948896805
3969,-0.6449773134211938
4548,20.835722535216565
8095,0.7499045266733049
6836,2.4412617164743047
11726,-5.829804485131248
1972,0.10323217245638361
1841,5.158310477353314
3237,1.8722831056081226
1012,40.973017127161796
1501,0.3375798362443483
6446,7.920986602004666
4797,-0.9740935158653095
10923,0.3265316930466895
6228,-0.6255161921756986
9115,0.7945396881640612
3211,-13.475771791911157
3182,6.884717027190682
840,1.0390456462152855
8903,-0.34056631767774803
8436,2.362997231311464
10522,6.356602307024694
2249,-0.0459522267417789
7475,28.651061170585038
2849,10.11012344186942
5264,5.91049145484612
1595,-0.5183319373269484
8741,17.621919198765358
2782,34.229884306150275
5688,14.670415424779451
200,-1.2562071508085602
11398,3.705745560447884
4519,29.900506010067495
8141,8.41789080263028
381,-1.0995954785555604
1498,-4.883527874980025
10576,24.574749474704916
6803,1.3313339155093793
5467,-1.324480580689496
9643,5.325799078074844
3009,41.72539434701028
10777,4.440266352256298
8012,0.07432896074816497
5948,1.5658853781412958
9119,7.095628068400384
9355,-0.9282654044574059
1900,19.52958290733232
1891,-1.412641482183293
568,-0.7486776251881793
2556,13.39198385094742
2079,-1.046495570587883
9103,16.78138543891714
2492,1.777779048183131
76,9.911878424517454
5147,14.839537991831914
2578,35.42771909625898
5657,-1.325299775588629
1851,24.42475783710655
7851,2.644986248062583
7437,52.65928118445031
10642,2.101344169141459
794,0.009394410969406408
7489,1.4204827775464857
4457,4.628576421663755
8304,1.2463929194114023
4672,44.72217313315352
10436,14.211126688910133
4005,-0.5183467092109453
4454,0.6771876003226609
4110,-0.38281603978259326
4091,3.2259198049374795
8180,14.419039432905187
748,-0.7235708836998214
7098,36.792636770316896
4314,1.6415180310818762
588,8.430712087020796
4111,24.030153922022663
6634,35.099910689645895
1675,0.3376846973281822
7974,43.89305301825312
1022,3.423038953006408
1,31.629393791076737
586,2.5438142040148968
7764,9.253567377322302
3459,-0.43279682652467955
916,1.9804102080069796
4255,-1.5984292752273461
3943,3.410964855009624
10563,14.779518112416957
6566,1.1166990634025211
2462,-1.2664301335417179
3691,45.169739294094
4492,7.734949435672636
11175,0.6272963650075845
12,4.051674980785702
10706,-0.912231954490764
10514,3.4277802727251476
9284,35.56492113586553
6770,36.78125901312686
7178,8.80641720794046
2644,-11.198684196805822
4646,2.08954359789794
2780,15.8730990334953
290,41.895911649518766
4986,25.378410046813386
3594,21.97328996994978
1961,-3.9128549816162206
1650,-1.2224377982611756
7203,-1.6376940132233884
2258,17.956903568944902
5405,33.78532083829303
1846,0.4530043586395607
6130,3.1619577078198233
4456,17.484410147913263
7026,2.7981951731507166
1686,-2.674376518807044
2216,11.43661578567507
3309,36.47241181760355
11664,3.7302693914770195
11020,2.79901144267129
6744,84.01783370411268
10915,0.13865788958553082
1614,-0.5286080950707337
11801,-0.08309556584405087
7913,-0.30911216958568133
3707,-3.042814667952399
5617,23.453895965071865
10553,6.870642887808739
1222,0.804428488880351
6135,0.19555399395186868
1475,30.615269255656777
3529,33.77417012382433
1125,8.955762992206186
4912,7.284540542575883
2125,-1.326318790375442
4311,13.48353007791646
3996,0.9432662667021567
5550,25.178127796174902
9016,18.289238116457117
1510,1.548563560589539
1792,-0.14980149220143701
5382,0.7231897784862689
5238,32.632800997098045
5462,-13.505595112444368
1218,10.475470427635564
4211,0.36965997207726176
8008,2.657880603576505
1624,2.0445215103301493
4171,32.26139099195552
9721,0.779172212766138
10656,18.26131655524045
1129,1.7528515305020171
8002,88.52037380027008
3627,1.6830603318799469
6776,10.17098706789628
6883,11.759087792403045
9481,34.90721556246886
509,-2.2019197241617654
5507,1.7133027564589511
1506,32.45921593215797
8175,-0.13626406473132846
2247,12.657392981453205
10528,1.4389544512809174
1064,44.45288546311815
377,-0.4511328886115571
9417,17.579162741311855
3113,16.2932796416371
9551,14.770516269808176
11253,-8.882354624111258
11682,33.466409617814264
7724,5.456531266608376
9219,1.8950520843577472
7628,39.23832316565079
11074,16.77643704895473
3224,-2.781154775229158
11754,52.210019178038586
5019,-2.3721886486851105
4923,3.8293942205463374
5448,-8.92403873947623
5087,0.8575811072954345
5413,3.519942205205812
10557,5.592490704953811
4882,9.336914056165398
97,42.91103939223139
2226,3.377016214571281
11536,14.360863473692424
2162,0.8008692309053309
35,1.3257636475625212
3900,-0.96714129304792
9035,-1.0306384684942422
11463,-2.447326344689131
10967,2.648820421652232
9848,89.84005664153784
1589,2.0423605879639446
11698,17.551764087231568
9574,3.9783211142141433
2853,-1.210318795045616
5663,0.8227661762489618
10753,20.926742261219808
5718,-2.4371972423812345
8785,-8.63516822991128
3136,-0.17162472299901665
6083,36.79719780876604
1481,32.980708630866026
398,14.793747564863107
5091,18.477093799843363
8335,3.6253452592337077
10194,-1.6438030696417272
4417,1.5430768049031123
7316,-2.0572872659485455
2980,-0.0261001388246207
4360,0.8563894932269207
7039,0.9149436412143039
803,4.15529767883184
166,-0.7277939845906864
5521,-0.9814264355369318
2530,-1.0980156279794109
2030,8.68079959309443
1421,30.997976058256963
8601,15.133210668452879
6619,32.453987868652675
1951,41.39365646815072
897,12.905691834265932
2843,14.43470284643604
3123,9.229593486324454
248,-0.3993204371502337
3908,4.8720882954916895
10896,5.91056875931719
4844,2.0683086110687583
3159,0.9318383699209285
1042,13.046924537215038
2626,80.5102172345927
1308,0.025021526356471924
3692,53.00760202125223
7405,1.51104105701976
2375,4.95413351938404
1944,32.129498432820185
5618,15.74901555195701
7981,40.380963402198184
5924,-11.19236984222011
7624,31.657492510643962
8308,17.949507808731113
9374,20.56953605814279
7100,33.92070445001869
6968,-1.3303051553921499
10134,32.704041157817976
11659,2.3989159520660053
192,-2.259769615647361
6255,0.5246104806562926
2381,53.49250579756058
1706,-2.039634747918491
6380,-0.14285401076271498
1142,-2.613893424892126
7146,0.2436034864909331
1743,43.68031830795728
6064,31.690225423236292
11739,0.8245279220069115
3089,-0.9441758209381597
4524,1.7606367344741614
8574,3.268067426024345
519,2.1108102486216076
94,0.17718238003948628
3881,16.9961860215358
7355,-3.3954152897135614
6332,3.781284493010297
3050,22.82431777909402
5282,-1.1297784783567373
8628,18.13032061795366
10499,-1.9515380248453873
4123,13.73937883583261
5137,34.54494491756911
8586,4.441825381436143
3517,-3.3091540375349027
2597,-2.8279387005049266
738,18.165443108713195
1225,0.614059301394434
9972,18.07661562624728
2349,1.0546257749128358
7404,-1.1983074278056414
7267,-0.065929724654886
6965,16.74574301582874
10236,44.826670072622946
4679,3.1380998328202097
10091,24.04329849750778
4517,-0.04957771552570733
10497,32.89810530908637
1314,12.39786917454487
341,-1.0299780592526488
9782,8.809759319165929
3284,0.45295730636862075
74,-1.13674423897616
4941,41.37842793155457
30,2.1451358489559844
292,0.9532453386392312
1231,13.089752457750068
7970,2.478097559395774
7145,-0.3298005892702349
9883,20.05723701403706
7708,16.41441287269458
1885,2.060880284278543
11501,36.862688950538455
604,2.21351582620148
9847,53.43002014219519
1827,-0.5103732781432697
6779,1.8740479100872491
1704,-2.9641298222668198
6467,1.1358235396550498
5352,35.44451320405242
1120,0.8796485217711023
4526,42.03112747806682
8753,41.649966792011966
9174,-0.3478755032313181
5723,-0.1358193122982705
11751,0.9537437711778018
7705,40.637479823475886
7460,-6.087875949680939
5228,0.7433975898088043
6351,10.799001796625678
3115,0.7939008423136436
11424,28.950288380514838
11164,-0.17100571177493507
7356,28.115538650642794
4628,35.083595942249005
11883,0.7967227255242193
9953,-1.0168141675262632
10014,0.20442768758372054
6830,48.81320518536741
9779,6.273591341130679
4041,43.687179811085116
9851,-0.3273713125847415
10768,1.0072990027924114
6951,1.305314012183814
11530,2.3788636401523284
6341,0.18593024008934478
10907,0.32122562153193357
1809,-2.4540813971301034
3778,2.5072663234349264
1653,40.718434457671705
11642,9.957407755496373
10640,4.079433466818852
3121,8.00947884176942
11162,1.0934916680753624
770,-0.990611737741542
10968,8.729313094217371
255,-1.383422851891293
8605,-0.5835140993160515
9630,-12.56261319247465
7732,21.08072888640687
8415,-0.15254938342927105
10795,40.67726469657053
10327,3.868029083643087
10805,27.668362291177708
2443,-1.6614197336776115
3124,19.84870417634883
3441,41.405242576952375
7159,22.834435425207964
11885,37.26475365802245
10258,-1.8359224465575537
6147,-1.8135320285017187
4750,0.45370796755574005
4258,2.7060974455643922
5042,-2.307090394631704
2041,2.309595632035645
9809,-0.168531783073675
1786,-2.4862195973914076
3729,14.706073855404272
2602,37.52577270929678
7661,10.609090467174275
6777,19.73233087680577
3236,-2.680318476607031
6582,-1.5912711561241402
3985,0.6494258136158528
123,-7.368340462783099
6076,31.127971769866285
2979,2.461292572889157
6062,0.46821509584137644
3480,-0.7857040506531661
6289,-1.6325964690582282
9830,0.8637622910243685
2552,29.729987862240314
891,2.0683458308714293
8277,3.5163395976149694
10298,3.0214185820138653
7648,17.73210683062525
11294,-3.9513401727728983
4370,34.09253369362942
7280,-0.8286378753539729
11506,36.05881307561416
10710,0.3915099996703937
2999,17.486724526493877
6156,18.009670602204807
4051,14.614175800351756
1549,33.97488409571448
3108,16.03604447685848
8723,0.9909180907882771
11287,-0.6016024844234593
7306,42.09650660230389
5212,11.334592968575869
11448,0.4832053367482665
10109,9.908458092674424
5144,38.96019360188345
11746,43.914796135148734
9200,-0.2608111960498185
11165,44.18106393927809
9583,21.86154558941889
9625,-0.04866854524088993
1061,39.38764852869902
3312,21.32246587658465
8583,0.8551278662210642
10802,0.12139665999492166
5373,-2.41539478487077
8931,0.7824829401085971
600,4.862435525790975
3941,31.09701686774305
3882,-2.206071681072398
6180,17.772768391072503
7302,-2.139036976931191
10738,3.4143121370499436
11224,-1.9263021103928715
1434,2.3379406318407767
8197,1.068936411378413
4056,-1.0250539854793885
5897,0.47313867489852157
4884,31.570844314776327
4996,2.592177383351764
2163,8.225600385392198
8157,-0.12081726074491073
3812,-0.43650834686371454
213,-3.025324201404924
2081,-0.5984600737720598
1089,0.00495708650533544
6390,28.85532530901572
5644,6.836037571135201
5740,33.386092900174134
4749,7.905682641116254
8126,3.491682063788449
2973,-0.3503390203825383
3936,-1.8154470057715635
1649,3.4662974303632303
387,24.275016655460796
8853,42.255986294241104
696,32.284541784743816
10268,0.22069423253804388
4421,11.122018735055388
9582,1.3499216847663114
4180,34.112604008906416
11762,33.4862416207453
9575,2.5485552345671927
2718,2.641426702166971
8623,43.997509426257686
8896,14.522853038490661
11730,49.152253592354384
6608,0.45514196296771914
186,-0.30811009297978487
4451,-0.900869167824375
10838,15.473214195475826
11891,29.80719122989502
204,-1.6158668672300927
6131,-1.4713991193386242
10469,-5.211548825959344
3864,-2.34059190527444
4641,18.37429935155869
445,68.13443796732591
378,-0.7251294324554642
9872,6.275284591055101
8736,87.78088661394034
3712,3.18388035949771
3438,1.1343308636040952
11154,42.12158775088273
5331,22.12645538026728
9744,32.7053543848575
7664,-0.5456953508645022
2367,33.49985497269775
10010,-1.3194202266314754
9917,39.71092177276621
2858,-1.2992550370909832
1439,0.368671681593959
5101,0.5749995452691756
6557,-11.491613722976176
6749,-0.07606212434357928
9192,14.404002010351773
2091,-0.22868310512327383
3405,18.640024441886233
7704,0.17700465066307558
5987,30.88055884204091
9947,-0.08403503438082893
9463,1.6885662766587863
5074,1.811916082997076
9826,2.4961997603251795
10122,10.73048327601845
5139,1.4397229189219907
9458,5.482759939604094
2649,-0.9053628545304946
852,80.91833743311022
1252,2.2998736781279128
7365,0.8394064308210467
4804,34.43840816955823
3983,2.1098127924537238
6431,-6.448950234818568
9638,0.7752228847588789
3377,14.678689020179428
11804,0.12141358506925926
3557,1.6360119213918374
7511,34.56547809232366
6056,-4.294817811967867
9499,32.817645581087795
7932,1.562070809472214
1108,26.84576917030101
2020,-1.0693138106912308
6181,0.5853100708667363
36,69.84036240378046
751,37.281413278668346
7564,40.409147948652645
9095,36.81134502902678
6202,13.3316137841549
10433,1.843812144241216
8885,0.12004910555826953
5369,26.763986727780924
3258,27.655113648314188
11860,1.7116607123052567
993,3.211461815280874
5704,2.4637515707051385
1526,38.39448434670828
3086,46.05654932871967
2546,22.371575003887315
6639,33.47002149891821
10848,32.19734720703998
5650,37.615534713358585
2291,-5.292843243710077
1087,0.06623587324899205
1467,42.42270755333243
1034,-1.0071744825396571
2725,4.917872303328021
10806,-0.8428093943762427
3036,5.1076161748822955
5584,0.40765814521146027
11373,-3.7571397462301235
11166,2.0680611269430322
1065,45.32705768432892
8065,0.09533521559277247
7492,-0.2853475782245809
4026,-0.05748761068594277
4252,12.767127530162911
2995,16.55807648830252
11143,15.127386241583965
3189,0.9233195856266612
2760,30.883758217059523
5808,-0.7921176040981557
241,1.6813439751898223
3924,-8.362433662360587
5898,89.5737814282027
1094,1.5903715105332417
4724,5.337967733895642
8526,2.7231551016580546
2146,-0.12578001284543916
7335,-0.17895713440643846
3663,26.1850007834585
7387,-0.5835719670291617
10472,15.072115593450725
6391,13.974032787916423
7780,0.885420825544756
6834,1.747500541201081
5698,-0.6891849027022126
4199,35.19527261037878
3177,5.966790218138282
1512,5.2146740170427
7334,-1.6375474122053326
8454,14.383692753465441
225,0.4265694304152383
697,1.3101194699262457
7190,1.874971269056008
5332,44.37089791866099
793,24.03700976567037
3431,26.88930652363518
9864,44.11727999165318
318,31.90959251625096
1698,6.3820815577520875
1313,31.83940890594816
2724,13.55930970981503
3176,12.911365894626298
1058,22.370089910873563
3427,2.064892976068812
8350,6.576684613130663
952,-2.1356647185715723
2540,16.277144994469204
6628,41.09532042487624
6014,-1.1901105606267244
7594,26.804344788766088
6484,-1.5536948358560707
4956,66.27436349438437
6976,7.790097735805897
8097,32.23797743138478
11017,-2.7942505076980098
5302,27.71098662244018
4309,41.46106028817378
4585,31.065817322926137
9878,0.8890206138499757
11123,26.439456969935556
6590,-2.6808220407590184
2277,-1.021341962751979
7835,0.4192033020896453
4330,1.5304593558838384
1262,0.5225839913587365
5166,-2.1762289023346497
8939,1.0029488051791766
10220,8.528115171459207
9572,22.235756847157347
2038,-1.4205503862085358
10869,41.51899049716501
6069,41.029810503158764
10692,1.5006221101722268
6701,-2.1215747905499
9350,18.70634249051204
4561,-5.542597480472285
9198,47.930089520501625
9155,-2.246051748419781
376,12.504470469580202
2759,14.315418444188968
867,1.359603311064685
2337,8.209142334303166
210,43.32315856656343
10714,-1.7329988767784492
2449,0.5546153036494808
2917,22.882535179361916
6258,0.4280153112654297
2097,36.73926483854266
10542,2.9806061651596423
5927,0.4365639246763813
1360,32.595763310056235
8569,-1.71523376907248
3640,-1.7818234244357605
11562,2.1780497891407613
3425,0.3787275948885771
10911,14.280023256619884
1882,0.7094843805401609
252,14.862886926573573
9455,-0.8208624929901625
4017,31.030130210938918
9324,21.340302393559455
79,1.8345372743509571
10284,-3.7887268709297572
9050,7.802582608461428
8166,-2.195726479620909
3539,-0.6610405412571829
106,12.30169136050406
4530,0.11657744196508091
2569,8.289480279184634
3011,27.15715141698896
3818,2.237772517024677
10510,14.843882498100552
4909,9.225910415983687
1522,0.0643045413297223
8199,4.348628855546238
8997,-1.9235089846341218
7410,-0.5056194978232469
8670,0.9670058495752123
3272,-0.09371034112820098
6931,24.125267493271746
5607,3.498616661935028
469,1.063408415763405
1615,2.1654627958807033
11525,1.4422771534723964
7478,12.235413700742944
1794,6.120665753568744
11524,-1.7547075352218364
8148,32.37710047964783
2977,15.194535768799337
10476,0.8707745310897614
1705,11.682268747491314
10663,8.137617868988523
7833,28.445952662699973
10951,-0.1445331428385792
943,83.43393345516029
8966,17.467509823350966
2592,23.6295926787401
9494,36.50418775694378
8513,1.202264785325358
5713,10.275497308962034
7522,10.850745923385304
3851,53.314717604634744
9698,13.089688257664886
1110,11.796527933799021
1991,2.144816059060336
4689,0.15875370377785458
11714,30.56301539192094
8990,-0.7645006164376511
8938,2.7428246137257943
1371,0.26960588985280154
3705,18.319550806177528
258,18.1152048207107
8338,52.96179930277031
3248,0.21324311861808098
827,-1.2722818681694363
1344,6.451086778555833
10696,0.7695994129027177
2662,36.32399093814313
11563,1.2476043480347059
2478,83.30737632282239
9614,18.832585157342443
8708,6.314734385105787
2352,37.51901487748103
6474,45.961064356417545
9306,-0.2553803059488011
8580,30.06842684015556
3139,0.5182468522011341
2590,82.06532017968483
1134,-2.932958506019691
6027,13.80226468299788
11460,2.119241812090518
10660,23.694342367097207
10830,11.431597096718995
5423,31.765377300261836
8360,23.64524915445054
790,0.20093503031256787
5127,-9.46372360130345
11547,14.22786270235652
7185,-1.7085438832736024
7570,0.18973998821963178
3270,0.40196289488970294
5937,3.217773889538126
10124,-0.7170458261877926
6479,3.334283633294696
9459,84.04561891458764
2223,22.880395865273115
9674,48.24345418894403
3295,-0.17230844041889526
9882,0.8803351152691867
5936,30.616364647094628
8725,-1.0710237406530574
5788,4.0180383061582035
9322,-0.7397969798284478
1848,15.603281538093379
11791,-0.5678452288298494
11721,24.448082987645975
9392,43.41996997443057
1014,-0.839926967023441
8217,0.0315915203338939
7191,12.5830775805388
1862,2.562180433655385
8174,54.233200968718045
6611,82.1697534971795
11252,40.073178863652686
5939,0.8863460745475571
7027,30.122239088049728
8924,55.45069327708672
1168,39.195786192126455
5236,0.9922892943069819
9962,2.107885760588953
4838,2.469093267479863
9747,1.888015843168155
4928,-2.497310919318192
2192,-0.5096488669486732
10197,-2.5999779477204434
5949,-2.0597456943452848
41,-2.2087351054736466
7284,18.075937502204912
6963,-3.8950077892050565
5098,1.777857438480062
4948,-1.0613683043672104
10980,-0.9815678555897556
980,16.509394623912137
9091,37.397024535386045
6053,-1.3055887785134352
102,1.4586656604296984
10313,10.104236835768456
413,30.699982632783087
9537,-6.57486379658344
6826,11.94979858749354
856,38.00258574669063
5784,1.3203658620798215
3617,0.25117590650844335
6310,30.142495463399218
1261,13.347610718598299
8076,16.482449604031373
1217,33.61548284938202
11473,0.35999027254169036
6886,-2.2819400122346956
7289,-0.7103886490149556
4521,0.132574707904471
5318,-0.2364948845959738
6386,9.783124731163468
6766,18.635292787988547
3854,29.188405707189325
998,13.889783390336994
3057,-8.130011841970255
1657,12.60012261195518
6658,0.7848128194867066
6802,-0.08373281675016386
4055,0.22537864506761096
8616,33.67645878771529
9667,28.78836254388218
3493,0.7834709497110701
3234,12.477587288713115
6190,-5.028320743265844
9391,-4.255562593142155
8234,5.956848257592604
61,0.28753408953487636
7297,6.890523337296319
6913,-0.3782335467414555
6591,11.796085240405336
10274,-3.8192061394264485
2789,41.35663893817815
7818,2.0458222992780755
7525,34.18933953438601
3025,-1.9141120490510382
1096,-3.1668705222577707
8946,0.8480447419780717
830,81.22821068814693
8782,55.80042396397792
6799,27.34326985340337
4833,0.956590063869367
10918,31.875359052083546
2866,-0.45512698346144376
8255,33.87271750098933
10396,35.04584639025633
11776,5.669183910838758
7373,1.8872080088810002
6024,33.20818659373927
892,42.98389024585967
9080,0.5402130739381406
1156,-1.9433166259737682
7951,3.2573290816168345
8879,-1.0329493551875153
10562,-0.9802636998615242
7632,6.687341256667221
7075,1.87188752296667
2524,31.388243377096703
1454,38.44840662185418
10407,-0.16483219596830168
1289,2.414063501175349
5817,-3.980214099202005
2150,34.272691878881695
3638,4.171717551725163
3635,18.90385500857542
3494,0.1981028456261562
1550,-1.0050363900115649
5665,44.55455374776638
4213,37.16551723952049
1380,0.5300066073150838
9178,8.32622483149941
449,3.9450350260924516
8352,-4.512509722635599
9772,24.217623127323588
3170,22.92118430402401
10299,2.495019828836444
6577,1.3408512733069458
6155,40.67897917153835
531,-4.827282365714684
8698,-1.332435579255332
8358,28.34731881517307
836,-0.9743779917450333
2111,-4.3152942109870835
7358,18.91981719169017
3241,0.06492460544261291
8892,4.219894911452673
1306,0.4757431956602396
5528,2.941782006566438
730,51.01979703956535
8455,-0.20812605859012834
7352,5.397415729804337
8638,12.63374935536484
8830,6.379829697641664
8036,42.47267871922341
4048,31.024015595288557
6548,19.9892551677537
1984,-1.7852767628684525
6973,-6.144199779685618
7369,38.94120717151547
1487,6.4905110074474734
2438,31.521778158448278
10800,1.6577733575332623
10618,44.18221192244151
9522,-0.5289622336620532
3660,1.3296523009647352
3689,31.626783480892207
7187,42.48716113024854
11455,1.3818425369812317
7160,-2.559996690130742
8842,2.2477646605359887
3464,26.953025952378333
6080,-1.2249053785737125
5393,29.86109305087355
11006,2.745417655017551
6348,3.0641342691485214
6522,13.923459547915549
9094,28.292752619805846
2577,-0.18181820348366529
5567,30.125279968318626
2906,0.09694591768187877
7299,-1.8108536546693053
4333,-1.551441453683264
11543,0.9827153686449606
11106,16.12141326025632
5013,2.2977159079130907
6551,10.590935746572761
10385,2.5866660309055405
6073,15.52696591440534
8693,34.39698434878047
2945,2.1799826210702413
9948,24.93197855552578
4003,-1.3196821271015189
2023,-1.5295515474525452
10029,-3.48058710953255
9885,-0.2218843558542467
7431,12.655587591603126
8602,9.69067076728214
9329,24.995554359431328
6219,49.344596005410324
3874,35.237043283648475
11628,0.5414136534123521
773,33.33501665994357
7832,-3.3822350116116233
8537,-3.193230356127824
5882,11.229204488347849
4874,18.597088179887166
9717,2.4871774582899313
2985,-0.35800199831601986
2124,-2.19194510672547
10509,45.52204135298916
3506,-1.2445199222193963
1372,33.83688132656134
8968,45.691217635127956
7152,40.539371833123
7341,0.3677347438863663
2103,-0.694819124019439
5033,15.458079262173408
11260,-0.9487891265050017
10170,-1.257372747361888
10020,-1.0784839639376855
8520,0.536044887689588
4914,-0.6516326775282266
9796,3.908289792514868
11328,14.813970341070588
7275,15.993381653942805
10829,34.976371305635624
10460,35.23694883607844
8689,31.01817199671203
5005,-1.4745552684521037
2088,0.5378107220259558
2333,0.9080916146603997
2496,0.31237995986719014
10560,-5.464294601704214
9395,-1.0486218911967349
2816,26.12587006434173
2870,-0.891754818537688
3141,52.71673429118795
11817,-1.5901336253438743
1872,25.088626888243635
853,10.456543162220173
3304,0.2628490767857308
2155,-1.653947331066238
5293,5.0361298919815916
8328,-12.13400980535959
1577,-0.8092787255945737
276,1.669705619468619
563,18.045947746539504
2981,34.968636449418966
4674,-1.2364696346077615
1278,0.45422702759648814
3140,5.653076416621172
9229,-0.9217711156695714
8821,23.259831816077035
425,44.33010374348343
4300,1.9879184597701958
3747,18.01198986907545
5774,1.7140154741825242
5487,-3.967788535185651
5300,-2.8095177497301407
1656,28.78457941184392
7938,9.693695127138767
4693,1.1431385849368603
4582,38.243969740146504
10125,33.67713259375446
9077,1.8085067555099208
11764,0.9658491087208141
3026,0.27656377542908217
4385,0.40669521585616764
8207,-0.28840276685374633
3475,17.59245942547941
7389,28.519932201741895
7666,2.429780151014306
1276,0.8679670238031996
7180,-1.2235552558490106
2689,1.3377300834081893
5133,45.13955587270151
6070,4.194161100996137
9314,0.28439838007087914
3147,-1.0440573709878116
2714,0.9099786744062826
7805,1.129124449228705
11341,42.01881864028962
1701,-1.449043722670357
8975,1.1111709203894584
1443,-4.691438238187558
8103,0.8963153688059222
11868,10.903923568665505
5232,1.0826516170259985
7486,4.994072959461413
8128,-0.39865524616401515
5503,21.1019148079725
5220,-2.471642714540426
8120,45.10607944936665
9780,-0.39349034291575435
1181,-5.217161280234556
8203,4.77496601052405
2280,-0.40324947315754756
7949,0.1673730075460078
11217,38.068605160254855
5540,1.8248353644356463
11878,14.597519471720188
5151,-1.5764951575391457
9393,-1.4802256467878045
5938,-1.6955040775072518
5181,-2.0520261867325296
6129,17.095238179357892
4988,13.236964026994569
2620,10.588113965244467
8704,1.1707905157443967
7382,0.4189548332938564
4215,1.0642772734515802
4943,3.2793233111581728
4989,-7.070015916452
5254,36.45680218394581
9175,3.1537158018728597
11272,0.8875412049769871
4727,-1.5611986508411384
1486,-0.3027375276709563
5679,9.899284259783219
10649,-3.085781415630759
11275,45.05757177581131
4841,1.1217926271350436
4760,43.83371487438893
7448,0.7329970040841225
2409,-1.6986984044941238
3783,20.961972618384042
8643,37.40001514409569
10057,1.4199455646593258
7912,82.89209805801588
11648,-4.958537264859867
6641,39.85440401395827
8133,-1.4142477823937902
9043,0.7812803784467128
7533,3.2967735927251347
7531,44.04725271279976
4049,2.35105934655693
9032,1.4031402856842732
8855,9.76078712271029
1673,0.2578137359917143
7255,11.505567524670843
9005,-0.49750223356513246
6890,15.362587952067974
10357,-1.1185832920995935
10630,17.241701968531135
4438,-0.008667410909474427
8089,22.919451567013535
9571,14.249509834894237
2583,32.3688416030247
501,-0.47255475312304895
5129,-8.637688984991613
6615,-3.9636649631030743
10936,19.1967041616262
6045,2.0419235353988974
9603,13.718858925249451
8053,-1.305473679908875
8590,14.85182544019844
7755,1.7134845723415317
3745,-0.8012764808317705
5008,-0.5871407363693102
7928,13.990165827288626
6163,-0.2311686608043395
4676,31.021439167967767
8561,0.6709163366431632
9318,0.7488372632940887
1490,-6.372316855188473
1495,1.715959150371436
5,31.93559674195016
2446,-0.7029775564670011
6176,1.503550434565696
5612,35.64070457618137
8760,43.69476714430111
6764,30.45035889737961
10229,4.246943513063815
2976,36.94352934743307
11235,42.466184997862186
1893,-0.11295047368852451
2519,0.9348302549406604
689,27.190550600045338
4504,34.848868409280335
4597,-0.7475063045873185
3870,1.4910039860132507
3904,-1.0153168608324599
5431,39.53572517012335
1180,31.630947289577502
6857,26.983928272154845
4536,15.610619505532075
6607,-0.2458495810701784
8189,83.12321201218487
1540,17.2712408137569
10491,2.459608642683147
1201,6.143901942932718
9969,4.2442047877455344
11834,13.54786932595627
5994,-2.553505380642253
2007,-3.032912811242813
986,-1.385894339434806
9085,-1.6987276393089061
6481,23.08571026741798
11496,-0.40982549692295933
3290,45.304584755754675
11249,42.46138293893654
4907,11.901166130683023
732,34.24066294237431
8684,-0.554908865955074
4394,3.642052361287309
